TOTSPACE,LONGITUDE,LATITUDE
84,-79.23360753,43.83057174
52,-79.28015374,43.8266729
41,-79.27896539,43.82604504
28,-79.27894753,43.82539768
63,-79.29720245,43.8249818
116,-79.28980646,43.8249778
84,-79.27742207,43.82246261
54,-79.27033467,43.82182011
54,-79.28830635,43.81935698
45,-79.30263787,43.81858971
35,-79.30495951,43.81823512
77,-79.20655089,43.81798752
65,-79.30483381,43.81749684
56,-79.28850017,43.81659516
82,-79.20344614,43.81599538
20,-79.31868953,43.81590797
49,-79.30394329,43.81576204
76,-79.32831944,43.8136517
49,-79.34362803,43.81345681
34,-79.29375797,43.81285164
31,-79.22673067,43.81271225
26,-79.26566174,43.8126755
38,-79.27509724,43.81212792
56,-79.27409287,43.8117085
57,-79.21483296,43.80966742
74,-79.35571268,43.809495
138,-79.29034654,43.80930265
88,-79.31788929,43.80920532
47,-79.26548416,43.80880873
26,-79.18971556,43.80858584
60,-79.27106846,43.80815428
82,-79.21940399,43.80795938
138,-79.28845082,43.8074061
100,-79.32744519,43.80665932
216,-79.36007184,43.8063007
66,-79.30224962,43.805367
107,-79.33977045,43.80529906
67,-79.26409148,43.80475864
89,-79.34404699,43.80446061
38,-79.2654165,43.80358711
79,-79.30938716,43.80344126
50,-79.3856361,43.8026747
79,-79.22135576,43.80157071
52,-79.30134517,43.8006237
44,-79.15046,43.80018512
48,-79.2779255,43.79962686
81,-79.35072975,43.7994162
123,-79.15129056,43.79939488
41,-79.32894348,43.79896671
49,-79.35808222,43.79893404
26,-79.32307086,43.79866171
82,-79.33109533,43.7985877
66,-79.4104048,43.79848681
20,-79.41040176,43.79782998
132,-79.13741904,43.79780432
95,-79.36436071,43.79757335
31,-79.30936975,43.7973881
103,-79.20936891,43.79692541
52,-79.34899088,43.79578942
119,-79.37472553,43.7957696
49,-79.29416955,43.79566877
40,-79.16406818,43.79551101
63,-79.42619692,43.79550519
118,-79.23634457,43.79501064
20,-79.30026556,43.79442852
55,-79.32479345,43.79405227
46,-79.17927321,43.79319654
87,-79.17571109,43.79310442
32,-79.3578377,43.79272821
113,-79.38746557,43.79232805
59,-79.43132515,43.79220929
78,-79.23888526,43.79192308
90,-79.35030022,43.79087903
90,-79.35613218,43.7907822
24,-79.30302706,43.79076904
64,-79.23837554,43.79069585
133,-79.43468418,43.78993827
80,-79.35335147,43.78988285
24,-79.24670903,43.78895985
26,-79.31859031,43.78892496
49,-79.35219115,43.78865896
30,-79.35984984,43.78844079
34,-79.44758922,43.78782263
33,-79.41497101,43.78715275
62,-79.15205063,43.78702273
66,-79.39182945,43.78690615
40,-79.27870739,43.78645189
56,-79.35370651,43.78640442
140,-79.4523043,43.78623395
46,-79.33805482,43.78582832
54,-79.18814514,43.78566054
46,-79.22702962,43.78527327
25,-79.30357451,43.78513847
30,-79.35945887,43.78489883
80,-79.26610875,43.78447577
37,-79.23147804,43.78436307
24,-79.17138274,43.78423037
89,-79.25654252,43.7839379
109,-79.39497745,43.78384169
42,-79.42651373,43.78349398
83,-79.44609237,43.78331677
16,-79.47125864,43.78319008
81,-79.29957063,43.78293933
20,-79.14925372,43.78255557
30,-79.33180984,43.78172813
64,-79.33180984,43.78172813
49,-79.2035789,43.78164671
70,-79.39063008,43.78161567
41,-79.46849697,43.78125928
26,-79.30084246,43.78124037
82,-79.30309947,43.78121636
81,-79.35749461,43.78084349
80,-79.31509861,43.78080488
34,-79.23056737,43.78070605
143,-79.22964267,43.78054307
59,-79.41598771,43.78000149
60,-79.14029125,43.77966459
20,-79.29232137,43.77941614
37,-79.3792651,43.77939797
73,-79.29758125,43.77936841
35,-79.39106535,43.77874469
54,-79.3501563,43.77845166
46,-79.28070085,43.77772513
76,-79.15700816,43.7774619
34,-79.32176695,43.77731232
123,-79.35475859,43.77713673
81,-79.41670444,43.77706087
39,-79.31601267,43.77650499
131,-79.30071954,43.77647762
171,-79.17293561,43.77580288
40,-79.40982546,43.77579691
24,-79.18372824,43.77529915
82,-79.18071134,43.77519651
56,-79.35136574,43.77516177
56,-79.40976628,43.77493797
51,-79.18343745,43.77485983
64,-79.25437452,43.77460663
35,-79.44632478,43.77442921
76,-79.43759188,43.77441543
94,-79.23157073,43.77437348
73,-79.30828951,43.77435087
78,-79.36796814,43.77433603
49,-79.33838433,43.77433049
182,-79.41105951,43.77411646
148,-79.41461266,43.77410091
45,-79.35109268,43.77363807
31,-79.52332414,43.77356355
25,-79.50233817,43.77341009
55,-79.32785296,43.77272465
99,-79.43556969,43.77258221
80,-79.34389437,43.77253732
36,-79.18793863,43.77216292
41,-79.28426378,43.77170066
42,-79.4431816,43.77160152
119,-79.50147209,43.771425
53,-79.28955704,43.77130892
128,-79.38006568,43.771224
54,-79.52681069,43.77116395
56,-79.3430668,43.77104273
46,-79.45390216,43.77091689
162,-79.42703943,43.7707622
105,-79.39183238,43.77052711
187,-79.35168529,43.7703919
114,-79.41433357,43.77007451
98,-79.33053624,43.77002442
90,-79.52277148,43.76976124
72,-79.39134463,43.7693665
117,-79.26415504,43.76903852
149,-79.22946342,43.76900728
50,-79.51738796,43.76879955
72,-79.28256733,43.76853117
56,-79.16503401,43.76851356
109,-79.46071958,43.7685104
30,-79.4586335,43.76745385
57,-79.51607055,43.76717478
52,-79.18682499,43.76713719
65,-79.19884758,43.76673158
62,-79.40041986,43.76665875
142,-79.19506272,43.76621021
79,-79.38677929,43.76588284
88,-79.20544822,43.76521124
98,-79.48316222,43.76498528
61,-79.28701195,43.76493593
20,-79.23511246,43.76493366
86,-79.32177641,43.76473268
236,-79.3291298,43.76458912
79,-79.40166549,43.76387147
82,-79.21697343,43.76366692
52,-79.2079803,43.76313647
59,-79.33794868,43.76283883
141,-79.44166888,43.76283184
34,-79.31932759,43.76282355
87,-79.49944865,43.76257121
33,-79.2104931,43.76249103
90,-79.37035732,43.76245943
73,-79.45787152,43.76244263
36,-79.19364974,43.76234889
184,-79.35145637,43.76222852
56,-79.19505714,43.76219949
119,-79.5199372,43.76214401
39,-79.30819194,43.76211739
82,-79.41044807,43.76201045
61,-79.32271638,43.7619774
56,-79.34038151,43.7616437
55,-79.45412317,43.76065777
26,-79.50255431,43.75991688
85,-79.33501531,43.75965862
137,-79.51600951,43.75910845
46,-79.19133848,43.75907127
16,-79.19133848,43.75907127
49,-79.49134154,43.75871247
97,-79.49371346,43.75869853
15,-79.42293174,43.75867912
39,-79.5712193,43.75865407
36,-79.42310055,43.7586
40,-79.51668093,43.75854019
46,-79.22343125,43.75836953
39,-79.19734166,43.75799121
145,-79.51191572,43.75789471
47,-79.23336139,43.75768999
123,-79.24055993,43.75748239
45,-79.19334169,43.75743706
15,-79.37731186,43.75737707
82,-79.26236832,43.75698692
36,-79.23966343,43.75633573
36,-79.32146443,43.75605933
280,-79.35846062,43.75583754
98,-79.51066144,43.75569326
31,-79.49700244,43.7556022
59,-79.24852584,43.75560029
146,-79.45892375,43.75474293
105,-79.30791479,43.75467972
139,-79.42125481,43.7543693
108,-79.5191278,43.75414151
50,-79.41340933,43.75396042
59,-79.56675302,43.75371657
54,-79.18748212,43.75366906
56,-79.50282777,43.75366289
47,-79.43822834,43.75289099
49,-79.51697635,43.75258379
114,-79.32329466,43.7524666
32,-79.4072315,43.75244208
44,-79.51991415,43.75200949
79,-79.20334136,43.75149073
49,-79.49320837,43.75106442
72,-79.19998986,43.75082968
165,-79.33762355,43.75082148
109,-79.51388475,43.75065984
105,-79.26384288,43.75063633
100,-79.5440321,43.75062129
49,-79.47021961,43.75045708
71,-79.26360737,43.74998737
43,-79.44414844,43.74966613
78,-79.43984309,43.74925946
159,-79.44772817,43.74910529
140,-79.39251944,43.74906478
49,-79.24882865,43.7490357
32,-79.35033228,43.74888096
80,-79.48854516,43.748843
36,-79.53955698,43.74872271
130,-79.3289047,43.74843361
90,-79.5674795,43.74833611
56,-79.54696659,43.74795552
66,-79.59823106,43.74785079
57,-79.34958398,43.74728752
41,-79.58514608,43.74715016
20,-79.28543908,43.7470833
145,-79.47793719,43.74698117
15,-79.19837776,43.74697634
105,-79.21907657,43.74619011
56,-79.31663102,43.74591128
26,-79.21505413,43.74586142
45,-79.36423096,43.74584809
30,-79.26012519,43.74572086
34,-79.34745077,43.7457197
55,-79.21121678,43.74562161
34,-79.58920987,43.74558426
95,-79.48826393,43.74543295
22,-79.24978823,43.74530089
56,-79.29501322,43.74505637
112,-79.58238508,43.74493973
85,-79.2187713,43.74469664
90,-79.40468572,43.74450914
13,-79.32666461,43.74412983
72,-79.22207498,43.74412797
66,-79.23988971,43.74405286
26,-79.26136955,43.74361746
26,-79.56699138,43.74357491
60,-79.21618361,43.74342485
153,-79.21618361,43.74342485
16,-79.40431565,43.74341254
24,-79.31639744,43.74215388
36,-79.21780519,43.74177288
88,-79.51437124,43.74155675
25,-79.24117237,43.74110206
112,-79.21997621,43.74092885
92,-79.41952554,43.74091864
198,-79.3601237,43.74091344
105,-79.39773111,43.74073182
32,-79.34235121,43.74069992
87,-79.53925983,43.74049307
54,-79.58642918,43.74025409
74,-79.34960938,43.73996105
30,-79.34960938,43.73996105
95,-79.44670059,43.73986363
64,-79.23571181,43.73983096
113,-79.42555957,43.73961395
54,-79.27403512,43.73959188
56,-79.30224064,43.73936503
27,-79.21199715,43.73933592
56,-79.22568618,43.73926339
89,-79.54201309,43.73908657
64,-79.30597227,43.73872711
49,-79.43122536,43.73855386
71,-79.43122536,43.73855386
67,-79.29363841,43.73826708
16,-79.29363841,43.73826708
84,-79.20603805,43.73816057
84,-79.59484589,43.73814334
52,-79.2805772,43.73803602
115,-79.50359532,43.73791477
89,-79.56076423,43.73678424
15,-79.25531488,43.73635476
42,-79.25631648,43.7362637
205,-79.3141853,43.73596802
73,-79.56258034,43.73547048
13,-79.56258034,43.73547048
53,-79.48625941,43.73536582
20,-79.58291142,43.73508012
89,-79.32149779,43.73450537
70,-79.4091618,43.73433856
64,-79.59096139,43.73426956
144,-79.26264594,43.73410478
68,-79.33965896,43.73365974
56,-79.33853616,43.73361563
45,-79.33853616,43.73361563
56,-79.46601442,43.73303442
65,-79.35625363,43.73303234
48,-79.40504867,43.73299895
36,-79.40518527,43.73296153
28,-79.4669959,43.73287476
25,-79.40504465,43.73257806
32,-79.40497198,43.73255926
72,-79.59865393,43.73173485
81,-79.59174304,43.73150129
30,-79.5943155,43.73138826
58,-79.48243906,43.73112244
32,-79.40337552,43.73108385
32,-79.40493465,43.73099782
41,-79.5867087,43.73093099
65,-79.42787243,43.73085104
62,-79.2723813,43.73055837
49,-79.47966088,43.73040435
35,-79.403102,43.7298656
56,-79.26592531,43.72984392
101,-79.56951774,43.72971618
85,-79.26735641,43.72958381
24,-79.41966526,43.72942866
52,-79.27741451,43.7293378
58,-79.60683987,43.72916655
54,-79.60683987,43.72916655
137,-79.61918188,43.72888586
108,-79.61918188,43.72888586
193,-79.4118029,43.72878733
57,-79.44083783,43.72874629
32,-79.48273634,43.72813688
60,-79.25669186,43.72810967
76,-79.5488671,43.72803842
174,-79.40002762,43.7278547
41,-79.23173925,43.7276582
108,-79.42732589,43.72739907
36,-79.25228147,43.72712344
60,-79.40351645,43.72711199
137,-79.44425476,43.72661437
121,-79.50225838,43.72660387
76,-79.26216292,43.72649371
83,-79.33407036,43.72597268
11,-79.39927057,43.72595681
64,-79.26467528,43.72562496
116,-79.48855797,43.72548363
36,-79.57188977,43.72512809
87,-79.38050767,43.72505257
73,-79.31755375,43.72498014
40,-79.33682241,43.72474983
69,-79.30263788,43.72370488
44,-79.42962148,43.72342791
75,-79.57332608,43.72305238
54,-79.48734,43.72273087
98,-79.43141951,43.7226267
92,-79.55211379,43.7222273
93,-79.41583347,43.72205828
66,-79.49723354,43.72195964
67,-79.37787537,43.72193765
94,-79.33211664,43.72105352
16,-79.43045207,43.72066218
102,-79.4822724,43.72051933
114,-79.44424893,43.72013384
26,-79.38950895,43.71994009
49,-79.46063004,43.71993015
71,-79.23089737,43.71976669
71,-79.56655549,43.71932182
58,-79.25779832,43.71904773
72,-79.32958503,43.71857219
25,-79.37296622,43.71841819
190,-79.40886755,43.71833457
57,-79.42586718,43.71800088
52,-79.33169059,43.71794928
51,-79.47553797,43.71783652
46,-79.3018562,43.7176677
54,-79.25120473,43.71738078
66,-79.48495176,43.7172961
62,-79.55789514,43.71684313
70,-79.30415535,43.71651592
73,-79.50667215,43.71609301
118,-79.33225573,43.71528314
72,-79.26594842,43.71523966
205,-79.37017668,43.71463222
40,-79.41225389,43.71452386
41,-79.30646756,43.71438818
59,-79.37720937,43.71416924
74,-79.24885528,43.71413049
34,-79.30680033,43.71366175
45,-79.32660348,43.71353072
97,-79.43638524,43.71318084
59,-79.40034821,43.71308349
86,-79.45674566,43.71301352
41,-79.29815396,43.71269778
55,-79.40196315,43.71263384
143,-79.32985111,43.71246257
32,-79.37267077,43.71235186
125,-79.39747262,43.71193685
64,-79.45499552,43.71187089
154,-79.33101237,43.71173482
61,-79.32846131,43.71140554
75,-79.40058221,43.71123698
45,-79.46719814,43.71111511
99,-79.36420251,43.71109919
30,-79.48341034,43.7108581
30,-79.39763094,43.71016786
91,-79.46375749,43.7097754
191,-79.41279098,43.70944423
77,-79.38451518,43.70906627
36,-79.33497117,43.70898428
66,-79.36462404,43.70880217
45,-79.30632915,43.70844824
232,-79.39085007,43.70791234
43,-79.26959881,43.70729273
46,-79.38457824,43.70727292
80,-79.37013844,43.70722333
65,-79.50933321,43.70598674
26,-79.46787368,43.705952
14,-79.31008254,43.70575214
148,-79.34340316,43.70560989
81,-79.42038828,43.70549092
56,-79.3715984,43.70540298
51,-79.34343675,43.70539004
65,-79.36877493,43.70529391
35,-79.38548489,43.70523546
60,-79.52592356,43.70499184
174,-79.37745143,43.70482825
41,-79.36731758,43.70442721
24,-79.34741129,43.70406893
16,-79.27794561,43.70385218
20,-79.41344705,43.70335969
32,-79.39125734,43.70328529
45,-79.39125734,43.70328529
94,-79.44103039,43.70326335
92,-79.38984202,43.70310059
49,-79.40937821,43.70297177
30,-79.28102863,43.70295236
52,-79.34273683,43.70294741
127,-79.43303829,43.70275231
133,-79.40969652,43.70258014
159,-79.49569768,43.70251489
75,-79.38681064,43.70250247
30,-79.52054755,43.70250241
48,-79.42059061,43.70240304
43,-79.383903,43.70217445
49,-79.4068891,43.70217095
98,-79.37405581,43.70208495
70,-79.29949377,43.70196453
80,-79.29675842,43.70177809
24,-79.39628052,43.70157481
40,-79.28468178,43.70141636
26,-79.28552541,43.70052636
60,-79.27729094,43.70004636
54,-79.43143779,43.69999512
47,-79.31648307,43.69985449
76,-79.36625464,43.69979217
36,-79.38541798,43.69976439
42,-79.39518746,43.69947082
141,-79.39489969,43.69928502
69,-79.53345293,43.69893231
34,-79.50194419,43.69853102
105,-79.51069311,43.69841377
78,-79.42526347,43.69828582
77,-79.31934185,43.69820851
46,-79.46978959,43.69794532
20,-79.55079242,43.69787524
60,-79.47782497,43.69768872
35,-79.47573054,43.69741945
78,-79.29246972,43.69684534
16,-79.32941716,43.69680288
80,-79.39278951,43.69660232
31,-79.44203505,43.69623016
24,-79.43033081,43.69613887
95,-79.55615774,43.69591518
97,-79.29234778,43.69574193
20,-79.26311121,43.69563261
99,-79.55385517,43.69561759
98,-79.41412725,43.69540386
45,-79.54626085,43.69530707
38,-79.33214716,43.69506812
20,-79.28254604,43.69496934
118,-79.43630852,43.69495538
66,-79.49309153,43.69414011
25,-79.44165684,43.6940369
93,-79.28769907,43.69397801
100,-79.28769907,43.69397801
64,-79.36955587,43.69389105
24,-79.29763042,43.69378703
22,-79.44855647,43.69364593
58,-79.35073934,43.69347133
45,-79.53749502,43.69261139
56,-79.30183446,43.69238749
30,-79.50976689,43.69229619
64,-79.44291484,43.69226421
74,-79.26754155,43.69198426
157,-79.34815773,43.69192773
24,-79.30156807,43.6917721
56,-79.4554057,43.69170324
71,-79.56287403,43.69152984
15,-79.40344553,43.69139624
41,-79.43670608,43.69103029
74,-79.5489966,43.6908307
85,-79.32731356,43.69065439
32,-79.39547766,43.69057361
48,-79.26587052,43.69056245
59,-79.34207771,43.69050719
32,-79.39581335,43.69027983
61,-79.39661398,43.69023838
180,-79.32713574,43.68999526
56,-79.34067636,43.68998755
93,-79.60147878,43.6899538
44,-79.47841238,43.68988424
43,-79.56144893,43.6897017
24,-79.39155962,43.68966054
91,-79.39155962,43.68966054
92,-79.40973233,43.68951554
57,-79.34727006,43.68949692
40,-79.34738971,43.68948449
48,-79.39267537,43.68931634
20,-79.49250429,43.68924906
49,-79.27841784,43.68910513
30,-79.51966258,43.68910471
44,-79.3148026,43.68897749
26,-79.30240925,43.68874501
52,-79.30233825,43.68867574
70,-79.5034323,43.68864521
63,-79.30229262,43.68860913
41,-79.50523027,43.688012
65,-79.29996744,43.68779278
158,-79.30951421,43.68765348
52,-79.48846252,43.6876255
134,-79.35171321,43.68761097
47,-79.31388156,43.68744236
174,-79.33053821,43.68733905
30,-79.38330811,43.68730708
30,-79.31115568,43.68717869
112,-79.3784005,43.68716893
118,-79.47694958,43.68696569
77,-79.31690251,43.68695754
47,-79.51439473,43.6869499
47,-79.48867267,43.68684372
64,-79.39324157,43.68678056
108,-79.4280237,43.68664368
60,-79.4280237,43.68664368
46,-79.35659326,43.68661771
56,-79.52765502,43.68652753
46,-79.40445208,43.68637435
65,-79.53684796,43.68625201
126,-79.32156885,43.68602662
85,-79.52716621,43.6856265
67,-79.47268724,43.68548019
39,-79.32788685,43.68543374
62,-79.30243343,43.68514697
97,-79.28386786,43.68510868
259,-79.40131228,43.68491291
45,-79.29927598,43.68461062
41,-79.47369919,43.68454651
45,-79.35657394,43.68441522
10,-79.42738985,43.68418415
32,-79.37235301,43.68413417
31,-79.27550398,43.68405078
155,-79.44004667,43.68398565
53,-79.42135211,43.6835659
54,-79.44016379,43.68333039
112,-79.49031805,43.68332971
40,-79.54523131,43.68323698
52,-79.28849109,43.6831604
75,-79.42028843,43.68309281
48,-79.29770845,43.68281928
34,-79.27856589,43.68278927
92,-79.29913109,43.68262856
43,-79.27957976,43.68230835
94,-79.29913405,43.68210173
112,-79.33748646,43.68205022
57,-79.42285099,43.68186664
42,-79.30992304,43.68156133
201,-79.32125369,43.68134004
39,-79.33800678,43.68133505
104,-79.49906428,43.68123537
42,-79.4274778,43.6811414
44,-79.4700873,43.68107214
159,-79.29936027,43.6810698
150,-79.39286701,43.6809482
54,-79.33381537,43.68085017
194,-79.35393859,43.6806588
46,-79.39561225,43.68038802
36,-79.48079682,43.68033287
148,-79.29456868,43.68022438
24,-79.28656966,43.68022177
98,-79.5194768,43.68015621
24,-79.42409817,43.67996743
72,-79.55422495,43.67979193
18,-79.55953947,43.67946894
97,-79.44155484,43.67942005
106,-79.41703282,43.67935582
57,-79.32109772,43.6791497
57,-79.34733433,43.67914931
44,-79.33663928,43.67914883
34,-79.46401246,43.67905973
136,-79.41584802,43.67905104
61,-79.38045134,43.67883547
31,-79.38045134,43.67883547
62,-79.32800686,43.67845892
78,-79.34652486,43.67839197
150,-79.43106521,43.67808496
16,-79.43106521,43.67808496
16,-79.43106521,43.67808496
88,-79.31947633,43.67791247
34,-79.39380375,43.67767425
114,-79.38168926,43.67766432
63,-79.34728806,43.67735609
161,-79.35233178,43.67727944
69,-79.32051616,43.67725481
75,-79.34993745,43.67713734
39,-79.39792485,43.67694242
114,-79.28982694,43.67643591
56,-79.30667191,43.67628763
87,-79.31449172,43.67606366
77,-79.31449172,43.67606366
57,-79.41104866,43.67602093
84,-79.57061344,43.67601571
34,-79.38040186,43.67585447
55,-79.39654429,43.67523835
49,-79.3600608,43.67491945
54,-79.33978663,43.67479538
79,-79.29747301,43.67451965
58,-79.3230797,43.67388187
137,-79.44006654,43.67378375
114,-79.39160213,43.67361337
39,-79.5481943,43.67358498
56,-79.40492202,43.67330732
30,-79.28991082,43.67300693
40,-79.39214247,43.67299121
80,-79.54171548,43.67260908
32,-79.54171548,43.67260908
65,-79.33662385,43.67257263
32,-79.28941944,43.67255939
66,-79.46003206,43.67236139
24,-79.28521814,43.67232699
41,-79.37504072,43.67217798
70,-79.33847947,43.67181496
85,-79.3830487,43.67163203
68,-79.41568249,43.67141857
80,-79.55914569,43.67131555
31,-79.32395613,43.67111679
16,-79.29220874,43.67110038
95,-79.40241435,43.67104677
36,-79.45486185,43.6709286
16,-79.32209363,43.67091163
47,-79.42146261,43.67064544
24,-79.39876707,43.67054541
124,-79.35213289,43.67046905
117,-79.34189684,43.67036047
156,-79.37250872,43.67017366
49,-79.33486304,43.67005628
57,-79.30058336,43.66979957
45,-79.40587874,43.66962166
54,-79.30118723,43.66949594
96,-79.30403701,43.66893552
62,-79.3360482,43.66888337
157,-79.30273052,43.66847283
54,-79.49278831,43.66845829
26,-79.39867546,43.66844431
25,-79.55930745,43.66842899
132,-79.42227134,43.66826233
57,-79.38750576,43.66819861
132,-79.4152082,43.66815349
30,-79.55416474,43.66812499
92,-79.42413797,43.66788082
62,-79.3744794,43.66779685
74,-79.45535289,43.66768225
36,-79.49831076,43.66758456
30,-79.49831076,43.66758456
86,-79.33241094,43.66732935
16,-79.43578221,43.66674419
118,-79.43578221,43.66674419
48,-79.37111041,43.66655668
24,-79.36953922,43.66654187
74,-79.58007529,43.66646577
135,-79.32204622,43.66640314
49,-79.31558008,43.6663093
101,-79.4040655,43.66621517
97,-79.37469879,43.66605208
34,-79.40571106,43.66604798
24,-79.40074518,43.66592573
31,-79.33189377,43.66581666
51,-79.33189377,43.66581666
31,-79.43269554,43.66581503
40,-79.52734065,43.66553687
129,-79.49365948,43.6654977
72,-79.34717762,43.66541851
24,-79.52899029,43.66514579
62,-79.4912327,43.66509673
49,-79.40072723,43.66458936
72,-79.45947525,43.66453348
96,-79.40111458,43.66394932
30,-79.58631138,43.66378668
136,-79.38484478,43.66363153
141,-79.3791814,43.66361701
14,-79.48981465,43.66354085
56,-79.41763517,43.66349288
80,-79.38770394,43.66348253
45,-79.48689002,43.66317127
96,-79.42973205,43.66312114
116,-79.47214266,43.66285323
66,-79.49944079,43.66285134
71,-79.45242295,43.66283995
39,-79.42622132,43.66263264
16,-79.40239348,43.66254922
24,-79.46008116,43.66253731
112,-79.46008116,43.66253731
65,-79.36834145,43.66237135
85,-79.55154617,43.66215651
20,-79.34868956,43.66208633
16,-79.34868956,43.66208633
39,-79.33989786,43.66192107
39,-79.42574622,43.66186588
137,-79.47283454,43.66143177
40,-79.34132384,43.66136256
25,-79.48558752,43.6611157
70,-79.47452931,43.66110836
115,-79.33333928,43.6610444
160,-79.36695829,43.66083312
54,-79.46919623,43.66064871
56,-79.37409976,43.66062067
32,-79.46276694,43.6605372
46,-79.36887929,43.66053021
123,-79.49105864,43.66046123
62,-79.36586143,43.66033038
149,-79.34016991,43.6601755
36,-79.51113788,43.66010935
110,-79.53948426,43.65992914
40,-79.53948426,43.65992914
72,-79.34992857,43.65985054
30,-79.36390099,43.65971295
105,-79.54502449,43.65964751
24,-79.5660287,43.65948377
52,-79.5660287,43.65948377
59,-79.46739326,43.65939822
39,-79.44340972,43.65939151
16,-79.48501758,43.65934668
82,-79.39119131,43.65901631
41,-79.43514669,43.65869955
107,-79.41884696,43.65869017
120,-79.50931809,43.6586658
40,-79.36429518,43.65864794
167,-79.39226332,43.65863607
131,-79.36060291,43.65835275
146,-79.40741217,43.6582527
65,-79.38047983,43.65776563
185,-79.41406082,43.65765466
110,-79.46159984,43.65751606
75,-79.4473515,43.65720688
16,-79.47458478,43.65710007
16,-79.47458478,43.65710007
24,-79.47921439,43.65681015
74,-79.47921439,43.65681015
15,-79.57672204,43.65664592
24,-79.57672204,43.65664592
137,-79.37232283,43.65659142
97,-79.42458793,43.65655765
78,-79.40384267,43.65645832
83,-79.40573477,43.6564064
84,-79.40384351,43.65626872
128,-79.47748498,43.65593788
64,-79.4873448,43.65567745
89,-79.39425109,43.65557777
36,-79.36173742,43.65549752
76,-79.4839622,43.65545888
14,-79.48699655,43.65487687
23,-79.48698713,43.65485613
46,-79.391295,43.65460007
52,-79.38147634,43.65448664
56,-79.43241783,43.65429218
39,-79.47788242,43.6542418
67,-79.46513513,43.65419187
49,-79.39039714,43.65377431
34,-79.4668385,43.653732
30,-79.45200277,43.65366652
125,-79.42589088,43.65346513
58,-79.57537347,43.65313182
124,-79.41454735,43.65307618
112,-79.43784738,43.65305827
73,-79.50791729,43.6529255
76,-79.38362506,43.65282214
56,-79.42260301,43.65271625
36,-79.56404412,43.65270428
72,-79.42519758,43.65234042
24,-79.42519758,43.65234042
67,-79.43615958,43.65209316
54,-79.39147427,43.65205191
57,-79.38757725,43.65169661
85,-79.4847166,43.6512858
50,-79.4026399,43.65122913
58,-79.4026399,43.65122913
171,-79.42199419,43.65121289
170,-79.6023652,43.6512058
24,-79.47568961,43.65084317
162,-79.45199912,43.6503073
36,-79.39999653,43.65012601
31,-79.52229948,43.65009278
141,-79.39513009,43.6500222
97,-79.38821359,43.65000898
73,-79.37849436,43.64998475
99,-79.36498012,43.64979753
41,-79.36498012,43.64979753
114,-79.36124863,43.64975599
65,-79.38381243,43.64969099
41,-79.56184169,43.64962968
35,-79.45356461,43.6493549
20,-79.42505942,43.64928556
20,-79.39166212,43.64914145
32,-79.50505761,43.64908914
73,-79.48042415,43.64880572
73,-79.54854577,43.64869862
61,-79.40948687,43.64853867
129,-79.43672542,43.64853281
30,-79.57202403,43.6480753
153,-79.51832832,43.6480231
44,-79.36571256,43.64782836
30,-79.39474843,43.64775543
65,-79.37041888,43.64774472
40,-79.37172693,43.64771638
35,-79.52794997,43.6474914
56,-79.37725749,43.64694339
64,-79.56271632,43.64692004
24,-79.44792627,43.64683784
46,-79.44792627,43.64683784
48,-79.55627753,43.64669912
56,-79.54108144,43.64652082
115,-79.38213135,43.64646131
45,-79.41537391,43.64643528
94,-79.41758754,43.64641624
82,-79.45047568,43.64639566
62,-79.38893473,43.64616238
78,-79.51601881,43.64609139
121,-79.4288505,43.64602983
20,-79.39822582,43.64573061
74,-79.52096272,43.64552891
84,-79.5462562,43.64532552
148,-79.4461161,43.64518889
59,-79.38553682,43.64491032
88,-79.58697487,43.64419796
49,-79.41808797,43.64403339
62,-79.39101942,43.64399515
121,-79.40825617,43.64394604
49,-79.56545608,43.6437806
70,-79.57320254,43.64366074
119,-79.53397425,43.64361851
64,-79.44281428,43.64356788
125,-79.4770883,43.64346596
124,-79.44912695,43.64320868
97,-79.43680183,43.64319587
49,-79.3762619,43.64316211
32,-79.40271428,43.64300806
30,-79.50892095,43.64274664
30,-79.50892095,43.64274664
51,-79.45080379,43.64255695
109,-79.50687652,43.64245256
96,-79.38087131,43.64234783
61,-79.38278254,43.64200429
49,-79.41223468,43.64168349
72,-79.40198157,43.64125359
42,-79.53761181,43.64108915
63,-79.39190781,43.64055929
52,-79.38122663,43.64012129
67,-79.427308,43.64004992
16,-79.5193118,43.63967803
24,-79.54894739,43.63938969
25,-79.434911,43.63875022
26,-79.44571457,43.63868725
102,-79.56700571,43.63831653
102,-79.49645019,43.63771518
49,-79.43431002,43.63710271
44,-79.4334034,43.63697589
59,-79.52645659,43.63663703
57,-79.4702129,43.63630489
111,-79.43473266,43.63625894
55,-79.52128233,43.6361386
100,-79.50609133,43.63596628
72,-79.52403798,43.63591866
80,-79.39719083,43.63575739
25,-79.39884237,43.63571043
114,-79.48968772,43.63562731
40,-79.52338393,43.63532791
30,-79.55745999,43.63495127
67,-79.56885561,43.63462796
97,-79.49020078,43.63450843
153,-79.51632975,43.63430526
50,-79.5512794,43.63386641
173,-79.57711952,43.63336228
50,-79.57381148,43.63225586
51,-79.53264929,43.63019477
31,-79.4882532,43.62980479
109,-79.5181702,43.62902494
26,-79.49477091,43.62842332
65,-79.51766053,43.62841783
20,-79.49459012,43.62839113
32,-79.36117339,43.6266017
79,-79.49852269,43.62064567
35,-79.48889693,43.61934185
74,-79.56222798,43.61834342
16,-79.37839136,43.61570885
46,-79.48800239,43.6153408
30,-79.49150464,43.6135977
156,-79.49677699,43.61270075
56,-79.49442127,43.61186431
33,-79.53530707,43.61092841
56,-79.49976953,43.60367699
49,-79.5380334,43.60366441
42,-79.50343393,43.6035733
16,-79.55114633,43.60331557
71,-79.54611324,43.60266203
181,-79.54816511,43.60161044
152,-79.50463054,43.59991069
190,-79.52828852,43.59781618
56,-79.51972103,43.59742858
24,-79.50556501,43.59449812
20,-79.5301917,43.59435422
106,-79.53082625,43.59433786
